{"cameraMode":{"drawMode":0,"name":"Shaded","section":"Shading Mode"},"sceneLighting":true,"audioPlay":false,"sceneViewState":{"m_AlwaysRefresh":false,"showFog":true,"showSkybox":true,"showFlares":true,"showImageEffects":true,"showParticleSystems":true,"showVisualEffectGraphs":true,"m_FxEnabled":true},"in2DMode":false,"pivot":{"x":0.9670261740684509,"y":-4.134061336517334,"z":4.412675380706787},"rotation":{"x":-0.36930495500564577,"y":-0.014778414741158486,"z":0.005873364862054586,"w":-0.9291755557060242},"size":10.998579025268555,"orthographic":false}